token,index
 a ,0
 ab,1
 abo,2
 abou,3
 ac,4
 acc,5
 acco,6
 ad,7
 af,8
 aft,9
 afte,10
 ag,11
 ai,12
 air,13
 air ,14
 al,15
 all,16
 all ,17
 alm,18
 almo,19
 alo,20
 alon,21
 als,22
 also,23
 am,24
 am ,25
 amb,26
 ambi,27
 an,28
 an ,29
 and,30
 and ,31
 anx,32
 anxi,33
 any,34
 any ,35
 ap,36
 app,37
 appe,38
 appl,39
 appr,40
 ar,41
 are,42
 are ,43
 aro,44
 arou,45
 art,46
 as,47
 as ,48
 at,49
 at ,50
 atm,51
 atmo,52
 aw,53
 awa,54
 away,55
 awe,56
 awe ,57
 ba,58
 bac,59
 back,60
 bas,61
 bass,62
 bat,63
 bath,64
 be,65
 be ,66
 bea,67
 beat,68
 beau,69
 bec,70
 beca,71
 bed,72
 bedr,73
 bee,74
 bei,75
 bein,76
 bel,77
 bet,78
 betw,79
 bi,80
 bir,81
 bird,82
 bit,83
 bit ,84
 bl,85
 blo,86
 blu,87
 blue,88
 bo,89
 bot,90
 both,91
 bow,92
 bowl,93
 br,94
 bre,95
 brea,96
 bree,97
 bri,98
 brig,99
 brin,100
 bu,101
 bur,102
 but,103
 but ,104
 by,105
 by ,106
 ca,107
 cak,108
 cake,109
 cal,110
 calm,111
 can,112
 can ,113
 car,114
 ce,115
 ch,116
 cha,117
 chao,118
 che,119
 chee,120
 chi,121
 chic,122
 chil,123
 chir,124
 cho,125
 choc,126
 ci,127
 cl,128
 cla,129
 clas,130
 cle,131
 clea,132
 clo,133
 cloc,134
 co,135
 col,136
 cold,137
 colo,138
 com,139
 come,140
 comf,141
 comp,142
 con,143
 conf,144
 cons,145
 cont,146
 conv,147
 coo,148
 cool,149
 cou,150
 cow,151
 cowo,152
 cr,153
 cre,154
 crea,155
 cu,156
 cur,157
 curi,158
 da,159
 dar,160
 dark,161
 day,162
 day ,163
 de,164
 dee,165
 deep,166
 dep,167
 depr,168
 des,169
 di,170
 dif,171
 diff,172
 din,173
 dini,174
 dis,175
 dist,176
 do,177
 doe,178
 does,179
 don,180
 dow,181
 down,182
 dr,183
 dra,184
 dram,185
 dre,186
 drea,187
 dri,188
 dro,189
 dru,190
 drum,191
 du,192
 ea,193
 eas,194
 ee,195
 eer,196
 eeri,197
 el,198
 ele,199
 em,200
 emo,201
 emot,202
 emp,203
 empt,204
 en,205
 end,206
 end ,207
 ene,208
 ener,209
 enj,210
 enjo,211
 ev,212
 eve,213
 even,214
 ever,215
 evo,216
 evok,217
 ex,218
 exc,219
 exci,220
 exp,221
 fa,222
 fad,223
 fai,224
 fal,225
 fall,226
 fam,227
 fami,228
 fas,229
 fast,230
 fe,231
 fee,232
 feel,233
 fi,234
 fil,235
 fin,236
 fir,237
 firs,238
 fl,239
 flo,240
 flow,241
 flu,242
 flut,243
 fo,244
 foo,245
 food,246
 for,247
 for ,248
 fore,249
 fr,250
 fre,251
 fres,252
 fri,253
 frie,254
 fro,255
 from,256
 fru,257
 frui,258
 fu,259
 ful,260
 full,261
 ga,262
 gar,263
 ge,264
 gen,265
 gent,266
 get,267
 get ,268
 gi,269
 giv,270
 give,271
 gl,272
 glo,273
 gloo,274
 go,275
 go ,276
 goi,277
 goin,278
 goo,279
 good,280
 gr,281
 gra,282
 gre,283
 gree,284
 gro,285
 gu,286
 gui,287
 guit,288
 ha,289
 hap,290
 happ,291
 har,292
 harm,293
 harp,294
 has,295
 has ,296
 hav,297
 have,298
 he,299
 hea,300
 hear,301
 heav,302
 hi,303
 hig,304
 high,305
 ho,306
 hop,307
 hope,308
 hot,309
 hot ,310
 how,311
 how ,312
 hu,313
 hum,314
 i ,315
 ic,316
 ice,317
 ice ,318
 if,319
 if ,320
 im,321
 ima,322
 imag,323
 imp,324
 in,325
 in ,326
 inc,327
 ins,328
 inst,329
 int,330
 inte,331
 into,332
 inv,333
 is,334
 is ,335
 it,336
 it ,337
 its,338
 its ,339
 ja,340
 jaz,341
 jazz,342
 jo,343
 joy,344
 joyf,345
 ju,346
 jus,347
 just,348
 ke,349
 key,350
 key ,351
 ki,352
 kin,353
 kind,354
 la,355
 le,356
 lea,357
 leav,358
 let,359
 li,360
 lif,361
 life,362
 lig,363
 ligh,364
 lik,365
 like,366
 lis,367
 list,368
 lit,369
 litt,370
 liv,371
 live,372
 livi,373
 lo,374
 lon,375
 lone,376
 long,377
 loo,378
 look,379
 los,380
 lot,381
 lot ,382
 lou,383
 loud,384
 lov,385
 love,386
 low,387
 low ,388
 lu,389
 ly,390
 m ,391
 ma,392
 mad,393
 made,394
 mag,395
 magi,396
 maj,397
 majo,398
 mak,399
 make,400
 maki,401
 man,402
 many,403
 mat,404
 matc,405
 may,406
 mayb,407
 me,408
 me ,409
 mea,410
 med,411
 medi,412
 mel,413
 mela,414
 mell,415
 melo,416
 melt,417
 mem,418
 memb,419
 memo,420
 mi,421
 min,422
 mix,423
 mo,424
 mom,425
 mome,426
 moo,427
 mood,428
 mor,429
 more,430
 mos,431
 most,432
 mot,433
 mov,434
 move,435
 movi,436
 mu,437
 muc,438
 much,439
 mus,440
 musi,441
 my,442
 my ,443
 mys,444
 myst,445
 na,446
 nat,447
 natu,448
 ne,449
 nev,450
 neve,451
 ni,452
 nic,453
 nice,454
 nig,455
 nigh,456
 no,457
 no ,458
 noi,459
 nois,460
 noo,461
 nood,462
 nos,463
 nost,464
 not,465
 not ,466
 note,467
 noth,468
 ob,469
 oc,470
 occ,471
 occa,472
 of,473
 of ,474
 off,475
 off ,476
 offi,477
 ol,478
 old,479
 on,480
 on ,481
 one,482
 one ,483
 op,484
 or,485
 or ,486
 orc,487
 orch,488
 ot,489
 oth,490
 othe,491
 ou,492
 out,493
 out ,494
 ov,495
 ove,496
 over,497
 pa,498
 pac,499
 pace,500
 pai,501
 pain,502
 par,503
 part,504
 pas,505
 pass,506
 past,507
 pe,508
 pea,509
 peac,510
 per,511
 pers,512
 pi,513
 pia,514
 pian,515
 pic,516
 pict,517
 pie,518
 pie ,519
 piec,520
 piz,521
 pizz,522
 pl,523
 pla,524
 play,525
 ple,526
 plea,527
 po,528
 pop,529
 pos,530
 pr,531
 pre,532
 pres,533
 pret,534
 pro,535
 pu,536
 qu,537
 qui,538
 quie,539
 ra,540
 re,541
 rea,542
 real,543
 ref,544
 refl,545
 refr,546
 rel,547
 rela,548
 rem,549
 remi,550
 rep,551
 repr,552
 res,553
 rest,554
 rh,555
 rhy,556
 rhyt,557
 ri,558
 ric,559
 rice,560
 ro,561
 roo,562
 room,563
 ru,564
 run,565
 runn,566
 s ,567
 sa,568
 sad,569
 sad ,570
 sal,571
 sala,572
 sam,573
 same,574
 san,575
 sand,576
 sc,577
 sca,578
 sce,579
 scen,580
 se,581
 see,582
 see ,583
 seem,584
 sen,585
 sens,586
 ser,587
 sere,588
 set,589
 sh,590
 sha,591
 sho,592
 shou,593
 show,594
 si,595
 sil,596
 sile,597
 sim,598
 simi,599
 sin,600
 sinc,601
 sing,602
 sk,603
 sky,604
 sky ,605
 sl,606
 sle,607
 slee,608
 sli,609
 slig,610
 slip,611
 slo,612
 slow,613
 sm,614
 sma,615
 smal,616
 smo,617
 smoo,618
 so,619
 so ,620
 sof,621
 soft,622
 sol,623
 som,624
 somb,625
 some,626
 son,627
 song,628
 soo,629
 soot,630
 sor,631
 sort,632
 sou,633
 soun,634
 soup,635
 sp,636
 spa,637
 spag,638
 spe,639
 spi,640
 spr,641
 spri,642
 st,643
 sta,644
 star,645
 ste,646
 stea,647
 sti,648
 stil,649
 sto,650
 stop,651
 str,652
 stra,653
 stre,654
 stri,655
 stro,656
 su,657
 suc,658
 sum,659
 summ,660
 sun,661
 sun ,662
 sur,663
 surr,664
 sus,665
 sw,666
 swe,667
 swee,668
 swi,669
 swir,670
 sy,671
 t ,672
 ta,673
 tak,674
 take,675
 te,676
 tea,677
 tea ,678
 tem,679
 temp,680
 th,681
 tha,682
 than,683
 that,684
 the,685
 the ,686
 them,687
 then,688
 ther,689
 they,690
 thi,691
 thin,692
 this,693
 tho,694
 thou,695
 thr,696
 thro,697
 ti,698
 tic,699
 tick,700
 tim,701
 time,702
 tir,703
 tire,704
 to,705
 to ,706
 toge,707
 ton,708
 tone,709
 too,710
 too ,711
 tr,712
 tra,713
 trac,714
 tran,715
 tre,716
 try,717
 tu,718
 tun,719
 tune,720
 tur,721
 tw,722
 ty,723
 un,724
 unc,725
 unco,726
 und,727
 unde,728
 une,729
 unea,730
 uni,731
 uns,732
 unse,733
 up,734
 up ,735
 upb,736
 upbe,737
 us,738
 use,739
 va,740
 ve,741
 ver,742
 very,743
 vi,744
 vib,745
 vibe,746
 vibr,747
 vio,748
 viol,749
 vo,750
 wa,751
 wal,752
 wan,753
 want,754
 war,755
 warm,756
 was,757
 was ,758
 wat,759
 wate,760
 wav,761
 wave,762
 way,763
 way ,764
 we,765
 we ,766
 wei,767
 weir,768
 wel,769
 well,770
 wh,771
 wha,772
 what,773
 whe,774
 when,775
 wher,776
 whi,777
 whic,778
 whil,779
 whim,780
 wi,781
 wil,782
 will,783
 win,784
 wind,785
 wint,786
 wit,787
 with,788
 wo,789
 won,790
 wond,791
 wor,792
 worl,793
 wou,794
 woul,795
 ye,796
 yet,797
 yet ,798
 yo,799
 you,800
 you ,801
 your,802
abl,803
able,804
able ,805
ably,806
abo,807
abou,808
about,809
acc,810
acco,811
accom,812
ace,813
ace ,814
aced,815
aced ,816
acef,817
acefu,818
ach,819
ach ,820
ack,821
ack ,822
ackg,823
ackgr,824
aco,825
act,826
ad ,827
ade,828
ade ,829
adi,830
adn,831
ady,832
ady ,833
aft,834
afte,835
after,836
age,837
age ,838
agh,839
aghe,840
aghet,841
agi,842
agic,843
agica,844
agin,845
agine,846
ain,847
ain ,848
aint,849
ainti,850
air,851
air ,852
ajo,853
ajor,854
ajor ,855
ak ,856
ake,857
ake ,858
akes,859
akes ,860
aki,861
akin,862
aking,863
al ,864
ala,865
alad,866
alad ,867
ale,868
ale ,869
alg,870
algi,871
algic,872
ali,873
alit,874
ality,875
alk,876
all,877
all ,878
ally,879
ally ,880
alm,881
alm ,882
almi,883
almin,884
almo,885
almos,886
alo,887
alon,888
als,889
also,890
also ,891
am ,892
ama,893
amat,894
amati,895
amb,896
ambi,897
ambie,898
ame,899
ame ,900
ami,901
amil,902
amily,903
amy,904
amy ,905
an ,906
ana,907
anc,908
ance,909
ance ,910
anch,911
ancho,912
and,913
and ,914
andw,915
andwi,916
ang,917
ange,918
ange ,919
anger,920
ani,921
ann,922
ano,923
ano ,924
anq,925
anqu,926
anqui,927
ans,928
ant,929
ant ,930
anti,931
anx,932
anxi,933
anxio,934
any,935
any ,936
ape,937
ape ,938
app,939
appe,940
appea,941
appi,942
appl,943
apple,944
appr,945
appre,946
appy,947
appy ,948
aps,949
ar ,950
ara,951
ard,952
ard ,953
arde,954
are,955
are ,956
arg,957
ari,958
ark,959
ark ,960
arm,961
arm ,962
armo,963
armon,964
aro,965
arou,966
aroun,967
arp,968
arp ,969
arr,970
ars,971
ars ,972
art,973
art ,974
ary,975
as ,976
asa,977
ase,978
ase ,979
asi,980
asio,981
asion,982
ass,983
ass ,984
assi,985
assic,986
assin,987
assm,988
assma,989
ast,990
ast ,991
asta,992
asta ,993
aste,994
asy,995
asy ,996
at ,997
atc,998
atch,999
ate,1000
ate ,1001
ated,1002
ated ,1003
ater,1004
ater ,1005
ates,1006
ates ,1007
ath,1008
ath ,1009
athe,1010
ather,1011
athr,1012
athro,1013
ati,1014
atic,1015
atic ,1016
atin,1017
ating,1018
atio,1019
ation,1020
ativ,1021
ative,1022
atm,1023
atmo,1024
atmos,1025
ato,1026
ato ,1027
att,1028
atte,1029
atter,1030
atu,1031
atur,1032
atura,1033
ature,1034
aus,1035
ause,1036
ause ,1037
aut,1038
auti,1039
autif,1040
auty,1041
auty ,1042
ave,1043
ave ,1044
aves,1045
aves ,1046
avy,1047
avy ,1048
awa,1049
away,1050
away ,1051
awb,1052
awbe,1053
awber,1054
awe,1055
awe ,1056
axe,1057
axed,1058
axed ,1059
axi,1060
axin,1061
axing,1062
ay ,1063
ayb,1064
aybe,1065
aybe ,1066
aye,1067
ayed,1068
ayed ,1069
ayi,1070
ayin,1071
aying,1072
ays,1073
ays ,1074
azz,1075
azz ,1076
bac,1077
back,1078
back ,1079
backg,1080
bal,1081
bas,1082
bass,1083
bass ,1084
bat,1085
bath,1086
bathr,1087
be ,1088
bea,1089
beat,1090
beat ,1091
beau,1092
beaut,1093
bec,1094
beca,1095
becau,1096
bed,1097
bedr,1098
bedro,1099
bee,1100
bei,1101
bein,1102
being,1103
bel,1104
ber,1105
ber ,1106
berr,1107
berri,1108
berry,1109
bers,1110
bers ,1111
bes,1112
bet,1113
betw,1114
betwe,1115
bie,1116
bien,1117
bient,1118
big,1119
bir,1120
bird,1121
birds,1122
bit,1123
bit ,1124
ble,1125
ble ,1126
blo,1127
blu,1128
blue,1129
blue ,1130
blueb,1131
bly,1132
bly ,1133
bot,1134
both,1135
both ,1136
bou,1137
bout,1138
bout ,1139
bow,1140
bowl,1141
bowl ,1142
bra,1143
bran,1144
brant,1145
bre,1146
bre ,1147
brea,1148
bread,1149
breat,1150
bree,1151
breez,1152
bri,1153
brig,1154
brigh,1155
bur,1156
but,1157
but ,1158
by ,1159
cak,1160
cake,1161
cake ,1162
cal,1163
cal ,1164
call,1165
calm,1166
calm ,1167
calmi,1168
can,1169
can ,1170
cap,1171
car,1172
cas,1173
casi,1174
casio,1175
cat,1176
cau,1177
caus,1178
cause,1179
cca,1180
ccas,1181
ccasi,1182
cco,1183
ce ,1184
ced,1185
ced ,1186
cef,1187
cefu,1188
ceful,1189
cel,1190
cen,1191
cene,1192
cene ,1193
cent,1194
cer,1195
ces,1196
ces ,1197
ch ,1198
cha,1199
chan,1200
chao,1201
che,1202
ched,1203
ched ,1204
chee,1205
cheer,1206
chees,1207
ches,1208
chest,1209
chi,1210
chic,1211
chick,1212
chil,1213
child,1214
chir,1215
chirp,1216
cho,1217
choc,1218
choco,1219
chol,1220
choli,1221
choly,1222
cia,1223
ciat,1224
cin,1225
cit,1226
cite,1227
cited,1228
ck ,1229
cke,1230
cken,1231
cken ,1232
ckg,1233
ckgr,1234
ckgro,1235
cki,1236
ckin,1237
cking,1238
cks,1239
cks ,1240
cla,1241
clas,1242
class,1243
cle,1244
clea,1245
clear,1246
clo,1247
cloc,1248
clock,1249
col,1250
cola,1251
colat,1252
cold,1253
cold ,1254
colo,1255
color,1256
colou,1257
com,1258
come,1259
comf,1260
comfo,1261
comp,1262
con,1263
conf,1264
confu,1265
cons,1266
consi,1267
const,1268
cont,1269
conte,1270
contr,1271
conv,1272
conve,1273
coo,1274
cook,1275
cool,1276
cool ,1277
cor,1278
cou,1279
cow,1280
cowo,1281
cowor,1282
cre,1283
crea,1284
cream,1285
creat,1286
cri,1287
cro,1288
cs ,1289
ct ,1290
cte,1291
cted,1292
cti,1293
ctio,1294
ction,1295
ctiv,1296
ctive,1297
cts,1298
cts ,1299
ctu,1300
ctur,1301
cture,1302
cur,1303
curi,1304
curio,1305
cy ,1306
dar,1307
dark,1308
dark ,1309
day,1310
day ,1311
de ,1312
dea,1313
dee,1314
deep,1315
deep ,1316
del,1317
deli,1318
den,1319
den ,1320
dep,1321
depr,1322
depre,1323
der,1324
der ,1325
des,1326
dge,1327
dge ,1328
die,1329
dies,1330
dies ,1331
dif,1332
diff,1333
din,1334
ding,1335
ding ,1336
dini,1337
dinin,1338
dio,1339
dis,1340
dist,1341
dista,1342
disto,1343
dle,1344
dle ,1345
dles,1346
dles ,1347
dne,1348
dnes,1349
dness,1350
do ,1351
doe,1352
does,1353
doesn,1354
don,1355
don ,1356
dow,1357
down,1358
down ,1359
dra,1360
dram,1361
drama,1362
dre,1363
drea,1364
dream,1365
dri,1366
dro,1367
droo,1368
droom,1369
dru,1370
drum,1371
ds ,1372
dtr,1373
dtra,1374
dtrac,1375
dwi,1376
dwic,1377
dwich,1378
dy ,1379
ea ,1380
eac,1381
eace,1382
eace ,1383
eacef,1384
each,1385
ead,1386
ead ,1387
eady,1388
eady ,1389
eak,1390
eak ,1391
eal,1392
eal ,1393
eali,1394
ealit,1395
eall,1396
eally,1397
eam,1398
eam ,1399
eamy,1400
eamy ,1401
ean,1402
ear,1403
ear ,1404
eas,1405
easa,1406
ease,1407
ease ,1408
easy,1409
easy ,1410
eat,1411
eat ,1412
eate,1413
eath,1414
eath ,1415
eati,1416
eatin,1417
eau,1418
eaut,1419
eauti,1420
eauty,1421
eav,1422
eavy,1423
eavy ,1424
ebe,1425
eber,1426
eberr,1427
eca,1428
ecak,1429
ecake,1430
ecau,1431
ecaus,1432
ece,1433
ece ,1434
ech,1435
eci,1436
ecia,1437
eciat,1438
eco,1439
ect,1440
ect ,1441
ecti,1442
ectio,1443
ectiv,1444
ects,1445
ects ,1446
ed ,1447
edi,1448
edr,1449
edro,1450
edroo,1451
ee ,1452
eed,1453
eel,1454
eel ,1455
eeli,1456
eelin,1457
eels,1458
eels ,1459
eem,1460
eems,1461
eems ,1462
een,1463
een ,1464
eep,1465
eep ,1466
eepy,1467
eepy ,1468
eer,1469
eerf,1470
eerfu,1471
eeri,1472
eerie,1473
ees,1474
eese,1475
eese ,1476
eesec,1477
eet,1478
eet ,1479
eez,1480
eeze,1481
eeze ,1482
efl,1483
efle,1484
eflec,1485
efr,1486
efre,1487
efres,1488
efu,1489
eful,1490
eful ,1491
egg,1492
ein,1493
eing,1494
eing ,1495
eir,1496
eird,1497
eird ,1498
el ,1499
ela,1500
elan,1501
elanc,1502
elax,1503
elaxe,1504
elaxi,1505
ele,1506
eles,1507
eless,1508
elf,1509
elf ,1510
eli,1511
elin,1512
eling,1513
ell,1514
ell ,1515
ello,1516
ellow,1517
elo,1518
elod,1519
elodi,1520
elody,1521
elon,1522
els,1523
els ,1524
elt,1525
elt ,1526
elte,1527
elted,1528
elti,1529
eltin,1530
ely,1531
ely ,1532
em ,1533
emb,1534
embe,1535
ember,1536
eme,1537
emen,1538
ement,1539
emi,1540
emin,1541
emind,1542
emo,1543
emor,1544
emori,1545
emot,1546
emoti,1547
emp,1548
empo,1549
empo ,1550
empt,1551
empty,1552
ems,1553
ems ,1554
en ,1555
enc,1556
ence,1557
ence ,1558
end,1559
end ,1560
endi,1561
ends,1562
ends ,1563
ene,1564
ene ,1565
ener,1566
energ,1567
eni,1568
enin,1569
ening,1570
enj,1571
enjo,1572
enjoy,1573
ens,1574
ense,1575
ense ,1576
ensi,1577
ent,1578
ent ,1579
enta,1580
ental,1581
enti,1582
entl,1583
entle,1584
ents,1585
ents ,1586
ep ,1587
epe,1588
epi,1589
epr,1590
epre,1591
epres,1592
epy,1593
epy ,1594
er ,1595
era,1596
eral,1597
erall,1598
ere,1599
ere ,1600
ered,1601
ered ,1602
eren,1603
erene,1604
erf,1605
erfu,1606
erful,1607
erg,1608
erge,1609
ergy,1610
ergy ,1611
eri,1612
erie,1613
erie ,1614
erio,1615
eriou,1616
erm,1617
ern,1618
err,1619
erri,1620
errie,1621
erry,1622
erry ,1623
ers,1624
ers ,1625
erse,1626
ert,1627
ert ,1628
erv,1629
ery,1630
ery ,1631
eryt,1632
eryth,1633
es ,1634
esc,1635
ese,1636
ese ,1637
esec,1638
eseca,1639
esen,1640
esent,1641
esh,1642
esh ,1643
esn,1644
eso,1645
esp,1646
ess,1647
ess ,1648
esse,1649
essed,1650
essi,1651
essin,1652
est,1653
est ,1654
esti,1655
estr,1656
estra,1657
et ,1658
eta,1659
etc,1660
eth,1661
ethe,1662
ether,1663
ethi,1664
ethin,1665
eti,1666
etic,1667
etic ,1668
ett,1669
etti,1670
etti ,1671
ettin,1672
ettl,1673
ettli,1674
etw,1675
etwe,1676
etwee,1677
eve,1678
even,1679
even ,1680
ever,1681
ever ,1682
every,1683
evo,1684
evok,1685
evoke,1686
ew ,1687
ewh,1688
ewha,1689
ewhat,1690
exc,1691
exci,1692
excit,1693
exp,1694
ext,1695
ey ,1696
fad,1697
fai,1698
fal,1699
fall,1700
fall ,1701
fam,1702
fami,1703
famil,1704
fas,1705
fast,1706
fast ,1707
fe ,1708
fee,1709
feel,1710
feel ,1711
feeli,1712
feels,1713
fel,1714
fer,1715
ff ,1716
ffe,1717
ffi,1718
ffic,1719
ffice,1720
fic,1721
fice,1722
fice ,1723
fil,1724
fill,1725
fin,1726
fir,1727
firs,1728
first,1729
fla,1730
fle,1731
flec,1732
flect,1733
flo,1734
flow,1735
flowi,1736
flu,1737
flut,1738
flute,1739
foo,1740
food,1741
food ,1742
for,1743
for ,1744
fore,1745
fort,1746
forta,1747
forti,1748
fre,1749
free,1750
fres,1751
fresh,1752
fri,1753
frie,1754
frien,1755
fro,1756
from,1757
from ,1758
fru,1759
frui,1760
fruit,1761
ft ,1762
fte,1763
fter,1764
fter ,1765
fti,1766
ftin,1767
fting,1768
ful,1769
ful ,1770
full,1771
full ,1772
fus,1773
fuse,1774
fused,1775
gar,1776
gard,1777
ge ,1778
ged,1779
gen,1780
gent,1781
gentl,1782
ger,1783
ger ,1784
gers,1785
gers ,1786
get,1787
get ,1788
geth,1789
gethe,1790
geti,1791
getic,1792
gh ,1793
ghe,1794
ghet,1795
ghett,1796
ght,1797
ght ,1798
ghtl,1799
ghtly,1800
gic,1801
gic ,1802
gica,1803
gical,1804
gin,1805
gine,1806
gine ,1807
ging,1808
ging ,1809
giv,1810
give,1811
gives,1812
gle,1813
glo,1814
gloo,1815
gloom,1816
go ,1817
goi,1818
goin,1819
going,1820
goo,1821
good,1822
good ,1823
gra,1824
gre,1825
gree,1826
green,1827
gro,1828
grou,1829
groun,1830
gs ,1831
gue,1832
gui,1833
guit,1834
guita,1835
gy ,1836
ha ,1837
han,1838
han ,1839
hang,1840
hao,1841
hap,1842
happ,1843
happy,1844
har,1845
harm,1846
harmo,1847
harp,1848
harp ,1849
has,1850
has ,1851
hat,1852
hat ,1853
hav,1854
have,1855
have ,1856
he ,1857
hea,1858
hear,1859
heav,1860
hed,1861
hed ,1862
hee,1863
heer,1864
heerf,1865
hees,1866
heese,1867
hei,1868
hel,1869
hem,1870
heme,1871
hen,1872
hen ,1873
her,1874
her ,1875
here,1876
here ,1877
hes,1878
hes ,1879
hest,1880
hestr,1881
het,1882
hett,1883
hetti,1884
hey,1885
hey ,1886
hic,1887
hich,1888
hich ,1889
hick,1890
hicke,1891
hig,1892
high,1893
high ,1894
hil,1895
hild,1896
hile,1897
hile ,1898
hill,1899
him,1900
hims,1901
himsi,1902
hin,1903
hing,1904
hing ,1905
hings,1906
hink,1907
hink ,1908
hir,1909
hirp,1910
hirpi,1911
his,1912
his ,1913
hit,1914
hm ,1915
hoc,1916
hoco,1917
hocol,1918
hol,1919
holi,1920
holic,1921
holy,1922
holy ,1923
hon,1924
hone,1925
hoo,1926
hop,1927
hope,1928
hopef,1929
hor,1930
hot,1931
hot ,1932
hou,1933
houg,1934
hough,1935
houl,1936
hould,1937
hout,1938
hout ,1939
how,1940
how ,1941
hro,1942
hroo,1943
hroom,1944
hrou,1945
hroug,1946
ht ,1947
htl,1948
htly,1949
htly ,1950
hum,1951
hyt,1952
hyth,1953
hythm,1954
ia ,1955
ial,1956
ian,1957
iano,1958
iano ,1959
iat,1960
ibe,1961
ibe ,1962
ibl,1963
ibr,1964
ibra,1965
ibran,1966
ic ,1967
ica,1968
ical,1969
ical ,1970
ice,1971
ice ,1972
ich,1973
ich ,1974
ick,1975
icke,1976
icken,1977
icki,1978
ickin,1979
ics,1980
ics ,1981
ict,1982
ictu,1983
ictur,1984
id ,1985
ide,1986
ide ,1987
ie ,1988
iec,1989
iece,1990
iece ,1991
ied,1992
ied ,1993
ien,1994
iend,1995
iends,1996
ient,1997
ient ,1998
ies,1999
ies ,2000
iet,2001
iet ,2002
if ,2003
ife,2004
ife ,2005
iff,2006
ifi,2007
ift,2008
ifti,2009
iftin,2010
ifu,2011
iful,2012
iful ,2013
ig ,2014
igh,2015
igh ,2016
ight,2017
ight ,2018
ightl,2019
ike,2020
ike ,2021
il ,2022
ila,2023
ilar,2024
ilar ,2025
ild,2026
ile,2027
ile ,2028
ilen,2029
ili,2030
ilit,2031
ill,2032
ill ,2033
illa,2034
ily,2035
ily ,2036
ima,2037
imag,2038
imagi,2039
ime,2040
ime ,2041
imes,2042
imes ,2043
imi,2044
imil,2045
imila,2046
imm,2047
imp,2048
impl,2049
ims,2050
imsi,2051
imsic,2052
in ,2053
ina,2054
inat,2055
inc,2056
ince,2057
ince ,2058
ind,2059
ind ,2060
inds,2061
inds ,2062
ine,2063
ine ,2064
ines,2065
iness,2066
ing,2067
ing ,2068
ingl,2069
ings,2070
ings ,2071
ini,2072
inin,2073
ining,2074
ink,2075
ink ,2076
inn,2077
ino,2078
ins,2079
ins ,2080
inst,2081
instr,2082
int,2083
int ,2084
inte,2085
inten,2086
inter,2087
inti,2088
intin,2089
into,2090
into ,2091
inv,2092
iol,2093
ioli,2094
iolin,2095
ion,2096
ion ,2097
iona,2098
ional,2099
ions,2100
ions ,2101
iou,2102
ious,2103
ious ,2104
ipp,2105
ippi,2106
ippin,2107
ir ,2108
ird,2109
ird ,2110
irds,2111
irds ,2112
ire,2113
ired,2114
ired ,2115
irl,2116
irli,2117
irlin,2118
irp,2119
irpi,2120
irpin,2121
irs,2122
irst,2123
irst ,2124
is ,2125
isc,2126
ise,2127
ise ,2128
ish,2129
ish ,2130
isi,2131
iso,2132
iss,2133
ist,2134
ist ,2135
ista,2136
istan,2137
iste,2138
isten,2139
isti,2140
isto,2141
istor,2142
it ,2143
ita,2144
itar,2145
itar ,2146
itc,2147
itch,2148
ite,2149
ite ,2150
ited,2151
ited ,2152
ith,2153
ith ,2154
itho,2155
ithou,2156
iti,2157
itiv,2158
its,2159
its ,2160
itt,2161
ittl,2162
ittle,2163
ity,2164
ity ,2165
ive,2166
ive ,2167
ivel,2168
ively,2169
iver,2170
ives,2171
ives ,2172
ivi,2173
ivin,2174
iving,2175
ize,2176
izz,2177
izza,2178
izza ,2179
jaz,2180
jazz,2181
jazz ,2182
jor,2183
jor ,2184
joy,2185
joy ,2186
joyf,2187
joyfu,2188
jus,2189
just,2190
just ,2191
ke ,2192
ked,2193
ked ,2194
ken,2195
ken ,2196
ker,2197
kers,2198
kers ,2199
kes,2200
kes ,2201
key,2202
key ,2203
kgr,2204
kgro,2205
kgrou,2206
kin,2207
kind,2208
kind ,2209
king,2210
king ,2211
ks ,2212
ky ,2213
la ,2214
lac,2215
lad,2216
lad ,2217
lan,2218
lanc,2219
lanch,2220
land,2221
lar,2222
lar ,2223
las,2224
lass,2225
lassi,2226
lassm,2227
lat,2228
late,2229
late ,2230
lati,2231
lax,2232
laxe,2233
laxed,2234
laxi,2235
laxin,2236
lay,2237
laye,2238
layed,2239
layi,2240
layin,2241
ld ,2242
le ,2243
lea,2244
lear,2245
leas,2246
leav,2247
lec,2248
lect,2249
lecti,2250
led,2251
led ,2252
lee,2253
leep,2254
leepy,2255
lem,2256
len,2257
lent,2258
les,2259
les ,2260
less,2261
less ,2262
let,2263
lf ,2264
lgi,2265
lgic,2266
lgic ,2267
lic,2268
lic ,2269
lif,2270
life,2271
life ,2272
lift,2273
lig,2274
ligh,2275
light,2276
lik,2277
like,2278
like ,2279
lim,2280
lin,2281
lin ,2282
line,2283
lines,2284
ling,2285
ling ,2286
lings,2287
lins,2288
lins ,2289
lip,2290
lipp,2291
lippi,2292
lis,2293
list,2294
liste,2295
lit,2296
litt,2297
littl,2298
lity,2299
lity ,2300
liv,2301
live,2302
live ,2303
livel,2304
livi,2305
livin,2306
lk ,2307
ll ,2308
lla,2309
lle,2310
lli,2311
llin,2312
lling,2313
llo,2314
llow,2315
llow ,2316
lls,2317
lls ,2318
lly,2319
lly ,2320
lm ,2321
lmi,2322
lmin,2323
lming,2324
lmo,2325
lmos,2326
lmost,2327
lo ,2328
loc,2329
lock,2330
lock ,2331
locks,2332
lod,2333
lodi,2334
lody,2335
lody ,2336
lon,2337
lone,2338
lonel,2339
long,2340
long ,2341
loo,2342
look,2343
look ,2344
looki,2345
looks,2346
loom,2347
loomy,2348
lop,2349
lor,2350
lors,2351
lors ,2352
los,2353
lot,2354
lot ,2355
lou,2356
loud,2357
lour,2358
lours,2359
lov,2360
love,2361
low,2362
low ,2363
lowe,2364
lower,2365
lowi,2366
lowin,2367
lowl,2368
lowly,2369
lows,2370
lows ,2371
ls ,2372
lso,2373
lso ,2374
lt ,2375
lte,2376
lted,2377
lted ,2378
lti,2379
ltin,2380
lting,2381
lue,2382
lue ,2383
lueb,2384
luebe,2385
lut,2386
lute,2387
lute ,2388
ly ,2389
mad,2390
made,2391
made ,2392
mag,2393
magi,2394
magic,2395
magin,2396
mai,2397
main,2398
maj,2399
majo,2400
major,2401
mak,2402
make,2403
make ,2404
makes,2405
maki,2406
makin,2407
mal,2408
mal ,2409
mall,2410
mall ,2411
man,2412
many,2413
many ,2414
mat,2415
matc,2416
match,2417
mate,2418
mates,2419
mati,2420
matic,2421
may,2422
mayb,2423
maybe,2424
mbe,2425
mber,2426
mber ,2427
mbers,2428
mbi,2429
mbie,2430
mbien,2431
mbr,2432
mbre,2433
mbre ,2434
me ,2435
mea,2436
med,2437
med ,2438
medi,2439
mel,2440
mela,2441
melan,2442
mell,2443
mello,2444
melo,2445
melod,2446
melt,2447
melte,2448
melti,2449
mem,2450
memb,2451
membe,2452
memo,2453
memor,2454
men,2455
ment,2456
ment ,2457
menta,2458
ments,2459
mer,2460
mer ,2461
mes,2462
mes ,2463
met,2464
meth,2465
methi,2466
mew,2467
mewh,2468
mewha,2469
mfo,2470
mfor,2471
mfort,2472
mic,2473
mid,2474
mil,2475
mila,2476
milar,2477
mily,2478
mily ,2479
min,2480
mind,2481
minds,2482
ming,2483
ming ,2484
mini,2485
mino,2486
mis,2487
mix,2488
mme,2489
mmer,2490
mmer ,2491
mom,2492
mome,2493
momen,2494
mon,2495
mon ,2496
moni,2497
moo,2498
mood,2499
moot,2500
mooth,2501
mor,2502
more,2503
more ,2504
mori,2505
morie,2506
mos,2507
mosp,2508
mosph,2509
most,2510
most ,2511
mot,2512
moti,2513
motio,2514
mov,2515
move,2516
movem,2517
movi,2518
movin,2519
mpa,2520
mpl,2521
mple,2522
mpo,2523
mpo ,2524
mpt,2525
mpty,2526
mpty ,2527
ms ,2528
msi,2529
msic,2530
msica,2531
muc,2532
much,2533
much ,2534
mus,2535
musi,2536
music,2537
my ,2538
mys,2539
myst,2540
myste,2541
na ,2542
nal,2543
nal ,2544
nan,2545
nat,2546
natu,2547
natur,2548
nca,2549
nce,2550
nce ,2551
nch,2552
nch ,2553
ncho,2554
nchol,2555
nco,2556
ncom,2557
ncomf,2558
nd ,2559
nde,2560
nder,2561
nder ,2562
ndi,2563
ndin,2564
nding,2565
ndo,2566
nds,2567
nds ,2568
ndt,2569
ndtr,2570
ndtra,2571
ndw,2572
ndwi,2573
ndwic,2574
ne ,2575
nea,2576
neas,2577
neasy,2578
ned,2579
ned ,2580
nel,2581
nely,2582
nely ,2583
ner,2584
nerg,2585
nergy,2586
nes,2587
nes ,2588
ness,2589
ness ,2590
nev,2591
neve,2592
never,2593
nfu,2594
nfus,2595
nfuse,2596
ng ,2597
nge,2598
nge ,2599
nger,2600
ngers,2601
ngi,2602
ngin,2603
nging,2604
ngl,2605
ngle,2606
ngs,2607
ngs ,2608
nic,2609
nic ,2610
nice,2611
nice ,2612
nie,2613
nig,2614
nigh,2615
night,2616
nim,2617
nin,2618
ning,2619
ning ,2620
nis,2621
nit,2622
njo,2623
njoy,2624
nk ,2625
nly,2626
nly ,2627
nne,2628
nni,2629
nnin,2630
nning,2631
no ,2632
noi,2633
nois,2634
noise,2635
noo,2636
nood,2637
noodl,2638
nor,2639
nos,2640
nost,2641
nosta,2642
not,2643
not ,2644
note,2645
notes,2646
noth,2647
nothi,2648
nou,2649
now,2650
now ,2651
nqu,2652
nqui,2653
nquil,2654
nre,2655
ns ,2656
nse,2657
nse ,2658
nset,2659
nsett,2660
nsi,2661
nsp,2662
nst,2663
nsta,2664
nstan,2665
nstr,2666
nstru,2667
nt ,2668
nta,2669
ntal,2670
ntal ,2671
nte,2672
nted,2673
nted ,2674
nten,2675
ntens,2676
ntent,2677
nter,2678
nter ,2679
nth,2680
nti,2681
ntic,2682
ntin,2683
nting,2684
ntl,2685
ntle,2686
ntle ,2687
ntly,2688
ntly ,2689
nto,2690
nto ,2691
ntr,2692
ntra,2693
nts,2694
nts ,2695
nve,2696
nvey,2697
nxi,2698
nxio,2699
nxiou,2700
ny ,2701
occ,2702
occa,2703
occas,2704
ock,2705
ock ,2706
ocks,2707
ocks ,2708
oco,2709
ocol,2710
ocola,2711
od ,2712
odi,2713
odl,2714
odle,2715
odles,2716
ody,2717
ody ,2718
oes,2719
oes ,2720
oesn,2721
of ,2722
off,2723
off ,2724
offi,2725
offic,2726
oft,2727
oft ,2728
oge,2729
oget,2730
ogeth,2731
oin,2732
oing,2733
oing ,2734
ois,2735
oise,2736
oise ,2737
ok ,2738
oke,2739
okes,2740
okes ,2741
oki,2742
okin,2743
oking,2744
oks,2745
oks ,2746
ol ,2747
ola,2748
olat,2749
olate,2750
old,2751
old ,2752
oli,2753
olic,2754
olic ,2755
olin,2756
olin ,2757
olins,2758
oll,2759
olo,2760
olor,2761
olors,2762
olou,2763
olour,2764
oly,2765
oly ,2766
om ,2767
oma,2768
omb,2769
ombe,2770
omber,2771
ombr,2772
ombre,2773
ome,2774
ome ,2775
omen,2776
oment,2777
omet,2778
ometh,2779
omew,2780
omewh,2781
omf,2782
omfo,2783
omfor,2784
omi,2785
omin,2786
oming,2787
omp,2788
omy,2789
omy ,2790
on ,2791
ona,2792
onal,2793
onal ,2794
onc,2795
once,2796
ond,2797
onde,2798
onder,2799
one,2800
one ,2801
onel,2802
onely,2803
ones,2804
ones ,2805
onf,2806
onfu,2807
onfus,2808
ong,2809
ong ,2810
ongs,2811
ongs ,2812
oni,2813
onl,2814
ons,2815
ons ,2816
onsi,2817
onsis,2818
onst,2819
onsta,2820
ont,2821
onte,2822
onten,2823
ontr,2824
onv,2825
onve,2826
onvey,2827
oo ,2828
ood,2829
ood ,2830
oodl,2831
oodle,2832
ook,2833
ook ,2834
ooki,2835
ookin,2836
ooks,2837
ooks ,2838
ool,2839
ool ,2840
oom,2841
oom ,2842
oomy,2843
oomy ,2844
oon,2845
oot,2846
ooth,2847
ooth ,2848
oothi,2849
op ,2850
ope,2851
opef,2852
opefu,2853
opp,2854
or ,2855
ora,2856
orc,2857
orch,2858
orche,2859
ord,2860
ore,2861
ore ,2862
org,2863
ori,2864
orie,2865
ories,2866
ork,2867
orke,2868
orker,2869
orl,2870
orld,2871
orld ,2872
orm,2873
orr,2874
ors,2875
ors ,2876
ort,2877
ort ,2878
orta,2879
ortab,2880
orte,2881
orted,2882
orti,2883
ortin,2884
ory,2885
ory ,2886
os ,2887
ose,2888
ose ,2889
osi,2890
osit,2891
osp,2892
osph,2893
osphe,2894
oss,2895
ost,2896
ost ,2897
osta,2898
ostal,2899
ot ,2900
ote,2901
otes,2902
otes ,2903
oth,2904
oth ,2905
othe,2906
other,2907
othi,2908
othin,2909
oti,2910
otic,2911
otio,2912
otion,2913
ots,2914
ots ,2915
ou ,2916
oud,2917
oug,2918
ough,2919
ough ,2920
ought,2921
oul,2922
ould,2923
ould ,2924
oun,2925
ound,2926
ound ,2927
ounds,2928
oundt,2929
ount,2930
oup,2931
oup ,2932
our,2933
our ,2934
ours,2935
ours ,2936
ourse,2937
ous,2938
ous ,2939
out,2940
out ,2941
ove,2942
ove ,2943
ovem,2944
oveme,2945
over,2946
over ,2947
overa,2948
ovi,2949
ovin,2950
oving,2951
ow ,2952
owe,2953
ower,2954
ower ,2955
owi,2956
owin,2957
owing,2958
owl,2959
owl ,2960
owly,2961
owly ,2962
own,2963
own ,2964
owo,2965
owor,2966
owork,2967
ows,2968
ows ,2969
oy ,2970
oyf,2971
oyfu,2972
oyful,2973
pac,2974
pace,2975
pace ,2976
paced,2977
pag,2978
pagh,2979
paghe,2980
pai,2981
pain,2982
paint,2983
pan,2984
par,2985
part,2986
pas,2987
pass,2988
passi,2989
past,2990
pasta,2991
pat,2992
pbe,2993
pbea,2994
pbeat,2995
pe ,2996
pea,2997
peac,2998
peace,2999
pear,3000
pec,3001
peci,3002
ped,3003
ped ,3004
pef,3005
pefu,3006
peful,3007
pen,3008
per,3009
per ,3010
peri,3011
pers,3012
phe,3013
pher,3014
phere,3015
pho,3016
phon,3017
pia,3018
pian,3019
piano,3020
pic,3021
pict,3022
pictu,3023
pie,3024
pie ,3025
piec,3026
piece,3027
pin,3028
pine,3029
ping,3030
ping ,3031
pir,3032
pit,3033
piz,3034
pizz,3035
pizza,3036
pla,3037
plat,3038
play,3039
playe,3040
playi,3041
ple,3042
ple ,3043
plea,3044
pleas,3045
pli,3046
po ,3047
pon,3048
pop,3049
por,3050
pos,3051
pot,3052
ppe,3053
ppea,3054
ppear,3055
ppi,3056
ppin,3057
pping,3058
ppl,3059
pple,3060
pple ,3061
ppr,3062
ppre,3063
pprec,3064
ppy,3065
ppy ,3066
pre,3067
prec,3068
preci,3069
pres,3070
prese,3071
press,3072
pret,3073
pri,3074
prin,3075
pring,3076
pro,3077
ps ,3078
pti,3079
pty,3080
pty ,3081
py ,3082
que,3083
qui,3084
quie,3085
quiet,3086
quil,3087
quil ,3088
ra ,3089
rac,3090
rack,3091
rack ,3092
ract,3093
rad,3094
rag,3095
rai,3096
rain,3097
ral,3098
ral ,3099
rall,3100
rall ,3101
ram,3102
ran,3103
rand,3104
rang,3105
range,3106
ranq,3107
ranqu,3108
rant,3109
rant ,3110
rap,3111
ras,3112
rat,3113
rate,3114
rati,3115
raw,3116
rawb,3117
rawbe,3118
rch,3119
rche,3120
rches,3121
rd ,3122
rde,3123
rds,3124
rds ,3125
re ,3126
rea,3127
read,3128
read ,3129
real,3130
real ,3131
reali,3132
reall,3133
ream,3134
ream ,3135
reamy,3136
reat,3137
reate,3138
reath,3139
reati,3140
rec,3141
reci,3142
recia,3143
red,3144
red ,3145
ree,3146
ree ,3147
reen,3148
reen ,3149
reez,3150
reeze,3151
ref,3152
refl,3153
refle,3154
refr,3155
refre,3156
rel,3157
rela,3158
relax,3159
rem,3160
remi,3161
remin,3162
ren,3163
rene,3164
rene ,3165
rent,3166
rent ,3167
rep,3168
repr,3169
repre,3170
res,3171
rese,3172
resen,3173
resh,3174
resh ,3175
ress,3176
resse,3177
ressi,3178
rest,3179
ret,3180
rett,3181
rev,3182
rfu,3183
rful,3184
rful ,3185
rge,3186
rget,3187
rgy,3188
rgy ,3189
rhy,3190
rhyt,3191
rhyth,3192
ric,3193
rie,3194
rie ,3195
ried,3196
ried ,3197
rien,3198
riend,3199
ries,3200
ries ,3201
rif,3202
rig,3203
righ,3204
right,3205
rin,3206
ring,3207
ring ,3208
rings,3209
rio,3210
riou,3211
rious,3212
ris,3213
rk ,3214
rke,3215
rker,3216
rkers,3217
rld,3218
rld ,3219
rli,3220
rlin,3221
rling,3222
rm ,3223
rme,3224
rmo,3225
rmon,3226
rmoni,3227
rn ,3228
rne,3229
rol,3230
rom,3231
rom ,3232
ron,3233
rong,3234
rong ,3235
roo,3236
room,3237
room ,3238
rou,3239
roug,3240
rough,3241
roun,3242
round,3243
row,3244
rp ,3245
rpi,3246
rpin,3247
rping,3248
rre,3249
rri,3250
rrie,3251
rries,3252
rro,3253
rry,3254
rry ,3255
rs ,3256
rse,3257
rse ,3258
rsel,3259
rself,3260
rst,3261
rst ,3262
rt ,3263
rta,3264
rtab,3265
rtabl,3266
rte,3267
rted,3268
rted ,3269
rti,3270
rtin,3271
rting,3272
rui,3273
ruit,3274
ruit ,3275
rum,3276
rume,3277
rumen,3278
run,3279
runn,3280
runni,3281
rus,3282
ry ,3283
ryi,3284
ryin,3285
rying,3286
ryt,3287
ryth,3288
rythi,3289
sad,3290
sad ,3291
sag,3292
sage,3293
sage ,3294
sal,3295
sala,3296
salad,3297
sam,3298
same,3299
same ,3300
san,3301
sand,3302
sandw,3303
sant,3304
sant ,3305
sca,3306
sce,3307
scen,3308
scene,3309
se ,3310
sec,3311
seca,3312
secak,3313
sed,3314
sed ,3315
see,3316
see ,3317
seem,3318
seems,3319
sel,3320
self,3321
self ,3322
sen,3323
sens,3324
sense,3325
sent,3326
ser,3327
sere,3328
seren,3329
sert,3330
sert ,3331
ses,3332
ses ,3333
set,3334
sett,3335
settl,3336
sh ,3337
sha,3338
she,3339
shi,3340
shin,3341
shing,3342
sho,3343
shou,3344
shoul,3345
show,3346
sic,3347
sic ,3348
sica,3349
sical,3350
sid,3351
side,3352
side ,3353
sil,3354
sile,3355
silen,3356
sim,3357
simi,3358
simil,3359
sin,3360
sinc,3361
since,3362
sing,3363
sing ,3364
sio,3365
sion,3366
sion ,3367
siona,3368
sis,3369
sist,3370
sit,3371
siti,3372
siv,3373
sive,3374
sky,3375
sky ,3376
sle,3377
slee,3378
sleep,3379
sli,3380
slig,3381
sligh,3382
slip,3383
slo,3384
slow,3385
slow ,3386
slowl,3387
sma,3388
smal,3389
small,3390
smat,3391
smate,3392
smo,3393
smoo,3394
smoot,3395
sn ,3396
so ,3397
sof,3398
soft,3399
soft ,3400
sol,3401
sola,3402
solat,3403
som,3404
somb,3405
sombe,3406
sombr,3407
some,3408
some ,3409
somet,3410
somew,3411
son,3412
sona,3413
song,3414
song ,3415
songs,3416
soo,3417
soot,3418
sooth,3419
sor,3420
sort,3421
sort ,3422
sou,3423
soun,3424
sound,3425
soup,3426
soup ,3427
spa,3428
spac,3429
space,3430
spag,3431
spagh,3432
spe,3433
spec,3434
speci,3435
sph,3436
sphe,3437
spher,3438
spi,3439
spir,3440
spr,3441
spri,3442
sprin,3443
ss ,3444
ssa,3445
sse,3446
ssed,3447
ssed ,3448
ssi,3449
ssic,3450
ssica,3451
ssin,3452
ssing,3453
ssio,3454
ssion,3455
ssm,3456
ssma,3457
ssmat,3458
sso,3459
st ,3460
sta,3461
sta ,3462
stal,3463
stalg,3464
stan,3465
stand,3466
stant,3467
star,3468
stars,3469
start,3470
ste,3471
stea,3472
stead,3473
steak,3474
sted,3475
sted ,3476
sten,3477
stent,3478
ster,3479
steri,3480
sti,3481
stic,3482
stic ,3483
stil,3484
still,3485
stin,3486
sting,3487
stl,3488
sto,3489
stop,3490
stor,3491
stort,3492
str,3493
stra,3494
stra ,3495
stral,3496
stran,3497
straw,3498
stre,3499
stri,3500
strin,3501
stro,3502
stron,3503
stru,3504
strum,3505
stu,3506
suc,3507
sum,3508
summ,3509
summe,3510
sun,3511
sun ,3512
sur,3513
sure,3514
surr,3515
sus,3516
swe,3517
swee,3518
sweet,3519
swi,3520
swir,3521
swirl,3522
sy ,3523
ta ,3524
tab,3525
tabl,3526
table,3527
tai,3528
tain,3529
tak,3530
take,3531
tal,3532
tal ,3533
talg,3534
talgi,3535
tan,3536
tand,3537
tant,3538
tant ,3539
tar,3540
tar ,3541
tars,3542
tars ,3543
tart,3544
tart ,3545
tas,3546
tast,3547
tat,3548
tch,3549
tche,3550
tched,3551
te ,3552
tea,3553
tea ,3554
tead,3555
teady,3556
teak,3557
teak ,3558
ted,3559
ted ,3560
tel,3561
tely,3562
tely ,3563
tem,3564
temp,3565
tempo,3566
ten,3567
ten ,3568
tens,3569
tense,3570
tent,3571
tent ,3572
ter,3573
ter ,3574
teri,3575
terio,3576
term,3577
tern,3578
ters,3579
tes,3580
tes ,3581
tfu,3582
tful,3583
tful ,3584
th ,3585
tha,3586
than,3587
than ,3588
that,3589
that ,3590
the,3591
the ,3592
them,3593
then,3594
then ,3595
ther,3596
ther ,3597
there,3598
they,3599
they ,3600
thi,3601
thin,3602
thing,3603
think,3604
this,3605
this ,3606
thm,3607
thm ,3608
tho,3609
thou,3610
thoug,3611
thout,3612
thr,3613
thro,3614
throo,3615
throu,3616
ti ,3617
tia,3618
tic,3619
tic ,3620
tick,3621
ticki,3622
tif,3623
tifu,3624
tiful,3625
til,3626
till,3627
till ,3628
tim,3629
time,3630
time ,3631
times,3632
tin,3633
ting,3634
ting ,3635
tio,3636
tion,3637
tion ,3638
tiona,3639
tions,3640
tir,3641
tire,3642
tired,3643
tis,3644
tiv,3645
tive,3646
tive ,3647
tle,3648
tle ,3649
tles,3650
tli,3651
tlin,3652
tling,3653
tly,3654
tly ,3655
tmo,3656
tmos,3657
tmosp,3658
to ,3659
tog,3660
toge,3661
toget,3662
ton,3663
tone,3664
tone ,3665
tones,3666
too,3667
too ,3668
top,3669
tor,3670
tort,3671
torte,3672
tra,3673
tra ,3674
trac,3675
track,3676
tral,3677
tral ,3678
tran,3679
trang,3680
tranq,3681
traw,3682
trawb,3683
tre,3684
tree,3685
tri,3686
trin,3687
tring,3688
tro,3689
tron,3690
trong,3691
tru,3692
trum,3693
trume,3694
try,3695
try ,3696
ts ,3697
tte,3698
tter,3699
tter ,3700
tti,3701
tti ,3702
ttin,3703
tting,3704
ttl,3705
ttle,3706
ttle ,3707
ttli,3708
ttlin,3709
tty,3710
tty ,3711
tua,3712
tun,3713
tune,3714
tune ,3715
tur,3716
tura,3717
tural,3718
ture,3719
ture ,3720
twe,3721
twee,3722
tween,3723
ty ,3724
ual,3725
uall,3726
ually,3727
uce,3728
uch,3729
uch ,3730
ude,3731
ue ,3732
ueb,3733
uebe,3734
ueber,3735
ues,3736
ugh,3737
ugh ,3738
ught,3739
uie,3740
uiet,3741
uiet ,3742
uil,3743
uil ,3744
uit,3745
uit ,3746
uita,3747
uitar,3748
ul ,3749
ula,3750
uld,3751
uld ,3752
ull,3753
ull ,3754
um ,3755
ume,3756
umen,3757
ument,3758
umm,3759
umme,3760
ummer,3761
un ,3762
unc,3763
unco,3764
uncom,3765
und,3766
und ,3767
unde,3768
under,3769
undi,3770
undin,3771
unds,3772
unds ,3773
undt,3774
undtr,3775
une,3776
une ,3777
unea,3778
uneas,3779
uni,3780
unn,3781
unni,3782
unnin,3783
unr,3784
uns,3785
unse,3786
unset,3787
unt,3788
up ,3789
upb,3790
upbe,3791
upbea,3792
ur ,3793
ura,3794
ural,3795
ural ,3796
ure,3797
ure ,3798
urg,3799
uri,3800
urio,3801
urn,3802
urr,3803
urre,3804
urs,3805
urs ,3806
urse,3807
ursel,3808
us ,3809
use,3810
use ,3811
used,3812
used ,3813
uses,3814
uses ,3815
ush,3816
usi,3817
usic,3818
usic ,3819
ust,3820
ust ,3821
ut ,3822
ute,3823
ute ,3824
uti,3825
utif,3826
utifu,3827
uty,3828
uty ,3829
ve ,3830
vel,3831
vely,3832
vely ,3833
vem,3834
veme,3835
vemen,3836
ven,3837
ven ,3838
vent,3839
ver,3840
ver ,3841
vera,3842
veral,3843
vers,3844
very,3845
very ,3846
veryt,3847
ves,3848
ves ,3849
vey,3850
vib,3851
vibe,3852
vibe ,3853
vibr,3854
vibra,3855
vie,3856
vin,3857
ving,3858
ving ,3859
vio,3860
viol,3861
violi,3862
vok,3863
voke,3864
vokes,3865
vy ,3866
wal,3867
walk,3868
wan,3869
want,3870
want ,3871
war,3872
warm,3873
warm ,3874
was,3875
was ,3876
wat,3877
wate,3878
water,3879
wav,3880
wave,3881
way,3882
way ,3883
wbe,3884
wber,3885
wberr,3886
we ,3887
wed,3888
wed ,3889
wee,3890
ween,3891
ween ,3892
weet,3893
weet ,3894
wei,3895
weir,3896
weird,3897
wel,3898
well,3899
well ,3900
wer,3901
wer ,3902
wha,3903
what,3904
what ,3905
whe,3906
when,3907
when ,3908
wher,3909
where,3910
whi,3911
whic,3912
which,3913
whil,3914
while,3915
whim,3916
whims,3917
wic,3918
wich,3919
wich ,3920
wil,3921
will,3922
will ,3923
win,3924
wind,3925
wind ,3926
wing,3927
wing ,3928
wint,3929
winte,3930
wir,3931
wirl,3932
wirli,3933
wit,3934
with,3935
with ,3936
witho,3937
wl ,3938
wly,3939
wly ,3940
wn ,3941
won,3942
wond,3943
wonde,3944
wor,3945
work,3946
worke,3947
worl,3948
world,3949
wou,3950
woul,3951
would,3952
ws ,3953
xci,3954
xcit,3955
xcite,3956
xed,3957
xed ,3958
xin,3959
xing,3960
xing ,3961
xio,3962
xiou,3963
xious,3964
ybe,3965
ybe ,3966
yed,3967
yed ,3968
yet,3969
yet ,3970
yfu,3971
yful,3972
yful ,3973
yin,3974
ying,3975
ying ,3976
you,3977
you ,3978
your,3979
your ,3980
yours,3981
ys ,3982
yst,3983
yste,3984
yster,3985
yth,3986
ythi,3987
ythin,3988
ythm,3989
ythm ,3990
za ,3991
ze ,3992
zed,3993
zed ,3994
zy ,3995
zz ,3996
zza,3997
zza ,3998
’s ,3999
